{
  "top_features": [
    "anomaly_score",
    "C13",
    "C14",
    "D2",
    "C2",
    "dt_per_amt",
    "ProductCD",
    "C8",
    "amount_rank",
    "card1",
    "C12",
    "V45",
    "TransactionAmt",
    "D15",
    "D3",
    "card1_card2_combined",
    "card2",
    "amount_log",
    "C4",
    "addr1",
    "v_mean",
    "C7",
    "D10",
    "C10",
    "temporal_position",
    "V24_V38_product",
    "V43",
    "transaction_timestamp",
    "V39",
    "V57"
  ],
  "rf_importances": {
    "anomaly_score": 0.03675286006315095,
    "C13": 0.025925961726461052,
    "dt_per_amt": 0.024824176205586454,
    "card1": 0.022848124329871235,
    "C14": 0.021591805597723345,
    "TransactionAmt": 0.021558758172834692,
    "card1_card2_combined": 0.02135702273290824,
    "amount_rank": 0.021209713126581247,
    "D2": 0.02079723794508751,
    "amount_log": 0.02070518487010955,
    "C2": 0.019745587743345824,
    "D3": 0.01909161748944592,
    "temporal_position": 0.01902266577103531,
    "card2": 0.01899510159866701,
    "C8": 0.018859913944255825,
    "transaction_timestamp": 0.018818689333700036,
    "addr1": 0.018696626824050613,
    "ProductCD": 0.01766066624485302,
    "D15": 0.016623808404310898,
    "pc_3": 0.015754376721262987,
    "pc_2": 0.015302065346309951,
    "pc_5": 0.015239067542867196,
    "pc_1": 0.015159965363029177,
    "pc_6": 0.015016969446873266,
    "pc_4": 0.014863049950237357,
    "V29": 0.014750957625814624,
    "v_mean": 0.013932045288226986,
    "C4": 0.013650265374079033,
    "D10": 0.01223684741950159,
    "C5": 0.012205085470206592
  },
  "statistical_scores": {
    "ProductCD": 7753.230541060196,
    "addr2": 7166.686739296493,
    "C7": 10135.925753659738,
    "C12": 11908.952328928448,
    "V16": 6555.302323277369,
    "V18": 6776.722435620656,
    "V21": 5780.2207912109025,
    "V33": 6743.457937111668,
    "V34": 6524.687803185442,
    "V39": 8707.004025144262,
    "V40": 8991.484908647908,
    "V42": 7301.874677173196,
    "V43": 7657.83958102583,
    "V45": 7219.794048782452,
    "V50": 6305.357797080023,
    "V51": 8774.352079206024,
    "V52": 9740.810707914428,
    "V57": 5678.227165002441,
    "V58": 5544.987207447653,
    "addr1_is_missing": 7116.262221481467,
    "addr2_is_missing": 7116.262221481467,
    "addr_missing_count": 7116.262221481467,
    "R_emaildomain_is_missing": 6369.422027987061,
    "R_emaildomain_gmail_com": 7518.639805784384,
    "P_R_email_same": 7146.752940920597,
    "V24_V38_product": 6871.548595760442,
    "ProductCD_W": 6505.760773928059,
    "ProductCD_C": 7035.025712553213,
    "cluster_1": 6731.3049614150195,
    "anomaly_score": 9811.589611255571
  },
  "consensus_scores": {
    "anomaly_score": 75,
    "C13": 55,
    "C14": 50,
    "D2": 50,
    "C2": 49,
    "dt_per_amt": 45,
    "ProductCD": 44,
    "C8": 43,
    "amount_rank": 38,
    "card1": 37,
    "C12": 37,
    "V45": 36,
    "TransactionAmt": 36,
    "D15": 35,
    "D3": 31,
    "card1_card2_combined": 30,
    "card2": 30,
    "amount_log": 29,
    "C4": 28,
    "addr1": 28,
    "v_mean": 24,
    "C7": 24,
    "D10": 20,
    "C10": 19,
    "temporal_position": 18,
    "V24_V38_product": 15,
    "V43": 15,
    "transaction_timestamp": 15,
    "V39": 15,
    "V57": 15
  },
  "rf_auc_score": 0.9525783540907207
}