{
  "window_0": {
    "DO_NOTHING": 0.9,
    "FINE_TUNE": 0.8888888888888888,
    "FULL_RETRAIN": 0.9743589743589743
  },
  "window_1": {
    "DO_NOTHING": 0.8571428571428571,
    "FINE_TUNE": 0.9230769230769231,
    "FULL_RETRAIN": 0.9230769230769231
  },
  "window_2": {
    "DO_NOTHING": 0.7407407407407407,
    "FINE_TUNE": 0.88,
    "FULL_RETRAIN": 0.9166666666666666
  },
  "window_3": {
    "DO_NOTHING": 0.9019607843137255,
    "FINE_TUNE": 0.9230769230769231,
    "FULL_RETRAIN": 0.9811320754716981
  },
  "window_4": {
    "DO_NOTHING": 0.9375,
    "FINE_TUNE": 0.9696969696969697,
    "FULL_RETRAIN": 0.9900990099009901
  },
  "window_5": {
    "DO_NOTHING": 0.9523809523809523,
    "FINE_TUNE": 0.9090909090909091,
    "FULL_RETRAIN": 0.9523809523809523
  },
  "window_6": {
    "DO_NOTHING": 0.8837209302325582,
    "FINE_TUNE": 0.8837209302325582,
    "FULL_RETRAIN": 0.9302325581395349
  },
  "window_7": {
    "DO_NOTHING": 0.8571428571428571,
    "FINE_TUNE": 0.9,
    "FULL_RETRAIN": 0.9
  },
  "window_8": {
    "DO_NOTHING": 0.6923076923076923,
    "FINE_TUNE": 0.8421052631578947,
    "FULL_RETRAIN": 0.9
  },
  "window_9": {
    "DO_NOTHING": 0.5714285714285714,
    "FINE_TUNE": 0.6666666666666666,
    "FULL_RETRAIN": 0.8571428571428571
  },
  "window_10": {
    "DO_NOTHING": 0.7727272727272727,
    "FINE_TUNE": 0.8947368421052632,
    "FULL_RETRAIN": 0.918918918918919
  },
  "window_11": {
    "DO_NOTHING": 0.8484848484848485,
    "FINE_TUNE": 0.9411764705882353,
    "FULL_RETRAIN": 0.9142857142857143
  },
  "window_12": {
    "DO_NOTHING": 0.9714285714285714,
    "FINE_TUNE": 0.9811320754716981,
    "FULL_RETRAIN": 0.9811320754716981
  },
  "window_13": {
    "DO_NOTHING": 0.8979591836734694,
    "FINE_TUNE": 0.9583333333333334,
    "FULL_RETRAIN": 0.9787234042553191
  },
  "window_14": {
    "DO_NOTHING": 0.6829268292682927,
    "FINE_TUNE": 0.875,
    "FULL_RETRAIN": 0.967741935483871
  },
  "window_15": {
    "DO_NOTHING": 0.8571428571428571,
    "FINE_TUNE": 0.8,
    "FULL_RETRAIN": 0.9090909090909091
  },
  "window_16": {
    "DO_NOTHING": 0.875,
    "FINE_TUNE": 0.8571428571428571,
    "FULL_RETRAIN": 0.8571428571428571
  },
  "window_17": {
    "DO_NOTHING": 0.6,
    "FINE_TUNE": 0.75,
    "FULL_RETRAIN": 0.8888888888888888
  },
  "window_18": {
    "DO_NOTHING": 0.96,
    "FINE_TUNE": 0.96,
    "FULL_RETRAIN": 0.96
  },
  "window_19": {
    "DO_NOTHING": 0.8,
    "FINE_TUNE": 0.8888888888888888,
    "FULL_RETRAIN": 0.8888888888888888
  },
  "window_20": {
    "DO_NOTHING": 0.8387096774193549,
    "FINE_TUNE": 0.9333333333333333,
    "FULL_RETRAIN": 0.9333333333333333
  },
  "window_21": {
    "DO_NOTHING": 0.918918918918919,
    "FINE_TUNE": 0.9714285714285714,
    "FULL_RETRAIN": 0.9714285714285714
  },
  "window_22": {
    "DO_NOTHING": 0.9473684210526315,
    "FINE_TUNE": 0.9473684210526315,
    "FULL_RETRAIN": 0.9473684210526315
  },
  "window_23": {
    "DO_NOTHING": 0.9787234042553191,
    "FINE_TUNE": 0.9787234042553191,
    "FULL_RETRAIN": 0.9787234042553191
  },
  "window_24": {
    "DO_NOTHING": 0.9090909090909091,
    "FINE_TUNE": 0.9523809523809523,
    "FULL_RETRAIN": 0.9523809523809523
  },
  "window_25": {
    "DO_NOTHING": 0.8636363636363636,
    "FINE_TUNE": 0.85,
    "FULL_RETRAIN": 0.9302325581395349
  },
  "window_26": {
    "DO_NOTHING": 0.7058823529411765,
    "FINE_TUNE": 0.8181818181818182,
    "FULL_RETRAIN": 0.9090909090909091
  },
  "window_27": {
    "DO_NOTHING": 0.96,
    "FINE_TUNE": 0.96,
    "FULL_RETRAIN": 0.96
  },
  "window_28": {
    "DO_NOTHING": 0.7586206896551724,
    "FINE_TUNE": 0.8571428571428571,
    "FULL_RETRAIN": 0.967741935483871
  },
  "window_29": {
    "DO_NOTHING": 0.8292682926829268,
    "FINE_TUNE": 0.9473684210526315,
    "FULL_RETRAIN": 0.918918918918919
  },
  "window_30": {
    "DO_NOTHING": 0.6666666666666666,
    "FINE_TUNE": 0.8235294117647058,
    "FULL_RETRAIN": 0.75
  },
  "window_31": {
    "DO_NOTHING": 0.9130434782608695,
    "FINE_TUNE": 0.9767441860465116,
    "FULL_RETRAIN": 0.9523809523809523
  },
  "window_32": {
    "DO_NOTHING": 0.9090909090909091,
    "FINE_TUNE": 0.958904109589041,
    "FULL_RETRAIN": 0.972972972972973
  },
  "window_33": {
    "DO_NOTHING": 0.8333333333333334,
    "FINE_TUNE": 0.96,
    "FULL_RETRAIN": 0.96
  },
  "window_34": {
    "DO_NOTHING": 0.9,
    "FINE_TUNE": 0.9,
    "FULL_RETRAIN": 0.9473684210526315
  },
  "window_35": {
    "DO_NOTHING": 0.7586206896551724,
    "FINE_TUNE": 0.88,
    "FULL_RETRAIN": 0.9166666666666666
  },
  "window_36": {
    "DO_NOTHING": 0.7142857142857143,
    "FINE_TUNE": 0.7692307692307693,
    "FULL_RETRAIN": 0.875
  },
  "window_37": {
    "DO_NOTHING": 0.9655172413793104,
    "FINE_TUNE": 0.9824561403508771,
    "FULL_RETRAIN": 0.9824561403508771
  },
  "window_38": {
    "DO_NOTHING": 0.8695652173913043,
    "FINE_TUNE": 0.9090909090909091,
    "FULL_RETRAIN": 0.9523809523809523
  },
  "window_39": {
    "DO_NOTHING": 0.8571428571428571,
    "FINE_TUNE": 0.9166666666666666,
    "FULL_RETRAIN": 0.9166666666666666
  },
  "window_40": {
    "DO_NOTHING": 0.8695652173913043,
    "FINE_TUNE": 0.9387755102040817,
    "FULL_RETRAIN": 0.96
  },
  "window_41": {
    "DO_NOTHING": 0.7142857142857143,
    "FINE_TUNE": 0.9333333333333333,
    "FULL_RETRAIN": 0.8571428571428571
  },
  "window_42": {
    "DO_NOTHING": 0.96,
    "FINE_TUNE": 0.96,
    "FULL_RETRAIN": 0.96
  },
  "window_43": {
    "DO_NOTHING": 0.875,
    "FINE_TUNE": 0.9333333333333333,
    "FULL_RETRAIN": 0.9333333333333333
  },
  "window_44": {
    "DO_NOTHING": 0.8695652173913043,
    "FINE_TUNE": 0.96,
    "FULL_RETRAIN": 0.96
  },
  "window_45": {
    "DO_NOTHING": 0.8888888888888888,
    "FINE_TUNE": 0.9818181818181818,
    "FULL_RETRAIN": 0.9642857142857143
  },
  "window_46": {
    "DO_NOTHING": 0.8235294117647058,
    "FINE_TUNE": 0.8888888888888888,
    "FULL_RETRAIN": 0.9473684210526315
  },
  "window_47": {
    "DO_NOTHING": 0.9795918367346939,
    "FINE_TUNE": 0.9583333333333334,
    "FULL_RETRAIN": 0.9795918367346939
  },
  "window_48": {
    "DO_NOTHING": 0.8846153846153846,
    "FINE_TUNE": 0.9433962264150944,
    "FULL_RETRAIN": 0.9811320754716981
  },
  "window_49": {
    "DO_NOTHING": 0.8823529411764706,
    "FINE_TUNE": 0.9411764705882353,
    "FULL_RETRAIN": 0.9411764705882353
  },
  "window_50": {
    "DO_NOTHING": 0.8695652173913043,
    "FINE_TUNE": 0.88,
    "FULL_RETRAIN": 0.9230769230769231
  },
  "window_51": {
    "DO_NOTHING": 0.8372093023255814,
    "FINE_TUNE": 0.9090909090909091,
    "FULL_RETRAIN": 0.9523809523809523
  },
  "window_52": {
    "DO_NOTHING": 0.972972972972973,
    "FINE_TUNE": 0.9444444444444444,
    "FULL_RETRAIN": 0.972972972972973
  },
  "window_53": {
    "DO_NOTHING": 0.8529411764705882,
    "FINE_TUNE": 0.9117647058823529,
    "FULL_RETRAIN": 0.9855072463768116
  },
  "window_54": {
    "DO_NOTHING": 0.9230769230769231,
    "FINE_TUNE": 0.96875,
    "FULL_RETRAIN": 0.96875
  },
  "window_55": {
    "DO_NOTHING": 0.9259259259259259,
    "FINE_TUNE": 0.9615384615384616,
    "FULL_RETRAIN": 0.9811320754716981
  },
  "window_56": {
    "DO_NOTHING": 0.8372093023255814,
    "FINE_TUNE": 0.9090909090909091,
    "FULL_RETRAIN": 0.9767441860465116
  },
  "window_57": {
    "DO_NOTHING": 0.7222222222222222,
    "FINE_TUNE": 0.7096774193548387,
    "FULL_RETRAIN": 0.8888888888888888
  },
  "window_58": {
    "DO_NOTHING": 0.8333333333333334,
    "FINE_TUNE": 0.9444444444444444,
    "FULL_RETRAIN": 0.972972972972973
  },
  "window_59": {
    "DO_NOTHING": 0.6666666666666666,
    "FINE_TUNE": 0.8421052631578947,
    "FULL_RETRAIN": 0.9
  },
  "window_60": {
    "DO_NOTHING": 0.5714285714285714,
    "FINE_TUNE": 0.75,
    "FULL_RETRAIN": 0.8888888888888888
  },
  "window_61": {
    "DO_NOTHING": 0.9411764705882353,
    "FINE_TUNE": 0.9411764705882353,
    "FULL_RETRAIN": 0.9411764705882353
  },
  "window_62": {
    "DO_NOTHING": 0.9375,
    "FINE_TUNE": 0.9411764705882353,
    "FULL_RETRAIN": 0.9375
  },